Bank,Web_Site
Akbank,http://www.akbank.com.tr/
Alternatifbank,http://www.abank.com.tr/
Anadolubank,http://www.anadolubank.com.tr/
Arap Türk Bankası,http://www.arabturkbank.com/
Bank Ekspress,http://www.bankekspres.com.tr/
Bayındır Bank,http://www.bayindirbank.com.tr/
Citibank,http://www.citibank.com.tr/
Credit Suisse FB.,http://www.csfb.com/
Denizbank,http://www.denizbank.com/
Diler Yatırım Bankası,http://www.dilerbank.com.tr/
Dışbank,http://www.disbank.com.tr/
Finans Bank,http://www.finansbank.com/
Takas ve Saklama Bankası,http://www.takasbank.com.tr/
İnterbank,http://www.interbank.com.tr/
Kentbank,http://www.kentbank.com.tr/
Koçbank,http://www.kocbank.com.tr/
MNG Bank,http://www.mngbank.com.tr/
Nurol Yatırım Bankası,http://www.nurolbank.com.tr/
Oyak Bank,http://www.oyakbank.com.tr/
Pamukbank,http://www.pamukbank.com.tr/
Park Yatırım Bankası,http://www.parkbank.com.tr/
Sınai Yatırım Bankası,http://www.syb.com.tr/
Şekerbank,http://www.sekerbank.com.tr/
Tekfen Bank,http://www.tekfenbank.com.tr/
ICBC Turkey Bank A.Ş.,https://www.icbc.com.tr/tr/
The Chase Manhattan Bank,http://www.chase.com/
Turkish Bank,http://www.turkishbank.com/
Türk Dışbank,http://www.disbank.com.tr/
Türk Ekonomi Bankası,http://www.teb.com.tr/
Türk Eximbank,http://www.eximbank.gov.tr/
Türkbank,http://www.turkbank.com.tr/
Türk Ticaret Bankası,http://www.ttb.com.tr/
TCMB,http://www.tcmb.gov.tr/
TC Ziraat Bankası,http://www.ziraat.com.tr/
Türkiye Emlak Bankası,http://www.emlakbank.com.tr/
Türkiye Garanti Bankası,http://www.garanti.com.tr/
Türkiye Halk Bankası,http://www.halkbank.com.tr/
Türkiye İş Bankası,http://www.isbank.com.tr/
Türkiye Kalkınma Bankası,http://www.tkb.com.tr/
Türkiye Sınai Kalkınma Bankası,http://www.tskb.com.tr/
Yaşarbank,http://www.yasarbank.com.tr/
Vakıflar Bankası,http://www.vakifbank.com.tr/
Yapı ve Kredi Bankası,http://www.ykb.com/
